<?xml version="1.0" encoding="UTF-8"?>
<FlexiPage xmlns="http://soap.sforce.com/2006/04/metadata">
    <flexiPageRegions>
        <name>region1</name>
        <type>Region</type>
    </flexiPageRegions>
    <flexiPageRegions>
        <componentInstances>
            <componentName>apexWireMethodToProperty</componentName>
        </componentInstances>
        <componentInstances>
            <componentName>apexWireMethodToFunction</componentName>
        </componentInstances>
        <componentInstances>
            <componentName>apexWireMethodWithParams</componentName>
        </componentInstances>
        <name>region2</name>
        <type>Region</type>
    </flexiPageRegions>
    <flexiPageRegions>
        <componentInstances>
            <componentName>wireGetRecordUser</componentName>
        </componentInstances>
        <componentInstances>
            <componentName>wireGetObjectInfo</componentName>
        </componentInstances>
        <componentInstances>
            <componentName>wireCurrentPageReference</componentName>
        </componentInstances>
        <name>region3</name>
        <type>Region</type>
    </flexiPageRegions>
    <flexiPageRegions>
        <componentInstances>
            <componentName>wireListView</componentName>
        </componentInstances>
        <componentInstances>
            <componentName>wireGetPicklistValues</componentName>
        </componentInstances>
        <componentInstances>
            <componentName>wireGetPicklistValuesByRecordType</componentName>
        </componentInstances>
        <name>region4</name>
        <type>Region</type>
    </flexiPageRegions>
    <masterLabel>Wire</masterLabel>
    <template>
        <name>flexipage:appHomeTemplateHeaderThreeColumns</name>
    </template>
    <type>AppPage</type>
</FlexiPage>
