<?xml version="1.0" encoding="UTF-8"?>
<BrandingSet xmlns="http://soap.sforce.com/2006/04/metadata">
    <brandingSetProperty>
        <propertyName>BRAND_COLOR</propertyName>
        <propertyValue>#1AA0DB</propertyValue>
    </brandingSetProperty>
    <brandingSetProperty>
        <propertyName>PAGE_BACKGROUND_COLOR</propertyName>
        <propertyValue>#54B8E3</propertyValue>
    </brandingSetProperty>
    <brandingSetProperty>
        <propertyName>HEADER_BACKGROUND_COLOR</propertyName>
        <propertyValue>#FFFFFF</propertyValue>
    </brandingSetProperty>
    <brandingSetProperty>
        <propertyName>BRAND_IMAGE</propertyName>
        <propertyValue>/file-asset/recipeslogo600x1201?v=1</propertyValue>
    </brandingSetProperty>
    <brandingSetProperty>
        <propertyName>BANNER_IMAGE</propertyName>
        <propertyValue>/file-asset/Cookpatternv11?v=1</propertyValue>
    </brandingSetProperty>
    <brandingSetProperty>
        <propertyName>GROUPS_BANNER_IMAGE</propertyName>
        <propertyValue/>
    </brandingSetProperty>
    <brandingSetProperty>
        <propertyName>GROUP_IMAGE</propertyName>
        <propertyValue/>
    </brandingSetProperty>
    <brandingSetProperty>
        <propertyName>PROFILE_BANNER_IMAGE</propertyName>
        <propertyValue/>
    </brandingSetProperty>
    <brandingSetProperty>
        <propertyName>USER_IMAGE</propertyName>
        <propertyValue/>
    </brandingSetProperty>
    <brandingSetProperty>
        <propertyName>LINK_AS_BACKGROUND</propertyName>
        <propertyValue>false</propertyValue>
    </brandingSetProperty>
    <brandingSetProperty>
        <propertyName>OVERRIDE_LOADING_PAGE</propertyName>
        <propertyValue>false</propertyValue>
    </brandingSetProperty>
    <masterLabel>Recipes Blue</masterLabel>
</BrandingSet>
